{
  "analysis_raw_path": "D:\\Andrea\\OneDrive - Alma Mater Studiorum Universit\u00e0 di Bologna\\Work\\Progetti\\SW\\_py\\HPPC\\img\\DSC0136.NEF",
  "settings": {
    "white_index": 18,
    "chromatic_indices": [
      0,
      1,
      2,
      3,
      4,
      5,
      6,
      7,
      8,
      9,
      10,
      11,
      12,
      13,
      14,
      15,
      16,
      17
    ],
    "hppcc_region_candidates": [
      3,
      4,
      5,
      6
    ],
    "reference_illuminant": "D65",
    "standard_whites": {
      "D50": [
        0.96422,
        1.0,
        0.82521
      ],
      "D55": [
        0.95682,
        1.0,
        0.92149
      ],
      "D65": [
        0.95047,
        1.0,
        1.08883
      ]
    },
    "use_metadata_rgb_xyz_baseline": true,
    "use_hppcc_blending": false,
    "hppcc_blend_width": 0.15,
    "output_format": "jpeg",
    "output_colorspace": "sRGB"
  },
  "selection": {
    "best_illuminant": "D65",
    "selected_k_regions": 4
  },
  "models": {
    "baseline": {
      "matrix": [
        [
          4.394729744316304,
          1.6628174181384503,
          0.0902155615565803
        ],
        [
          1.1517139125337128,
          4.047637161259669,
          -0.5765355376477905
        ],
        [
          1.5389660454718423,
          0.1702706643105138,
          9.820733732707914
        ]
      ],
      "white_rgb": [
        0.11306100181438648,
        0.17452438475801474,
        0.10858483258523687
      ],
      "white_xyz": [
        0.86498308,
        0.9128999999999999,
        0.97596308
      ]
    },
    "hppcc": {
      "matrices": [
        [
          [
            3.6760764164925743,
            0.9876883315757985,
            -0.7689514531659672
          ],
          [
            2.9791850128972697,
            6.000983486197602,
            0.7801883150569012
          ],
          [
            -0.6499824346616897,
            -2.2663108397465126,
            8.534705942778915
          ]
        ],
        [
          [
            4.076316584527017,
            1.4755575785353041,
            -0.6807672769339878
          ],
          [
            1.4496129108540443,
            4.136524970554872,
            0.44318052178990464
          ],
          [
            1.3917030421175631,
            0.22238378822179386,
            8.984546729071713
          ]
        ],
        [
          [
            6.130622389864483,
            3.3024143597427082,
            2.1371798753944713
          ],
          [
            -0.6131137635036479,
            2.302179663718377,
            -2.386317765629555
          ],
          [
            2.568057311314316,
            1.2684942398404329,
            10.598183878126974
          ]
        ],
        [
          [
            5.6245575845466576,
            2.7301125389860688,
            1.870040139121456
          ],
          [
            1.4423374928693127,
            4.626661595948353,
            -1.301293277106465
          ],
          [
            -0.20866725387451296,
            -1.8716658892545546,
            9.132416134050228
          ]
        ]
      ],
      "boundaries": [
        0.0,
        1.0156245780493691,
        2.539869740585926,
        3.192776669843107
      ],
      "white_rgb": [
        0.11306100181438648,
        0.17452438475801474,
        0.10858483258523687
      ],
      "white_xyz": [
        0.86498308,
        0.9128999999999999,
        0.97596308
      ]
    }
  }
}