{
  "analysis_raw_path": "D:\\Andrea\\OneDrive - Alma Mater Studiorum Universit\u00e0 di Bologna\\Work\\Progetti\\SW\\_py\\HPPC\\img\\DSC0136.NEF",
  "settings": {
    "white_index": 18,
    "chromatic_indices": [
      0,
      1,
      2,
      3,
      4,
      5,
      6,
      7,
      8,
      9,
      10,
      11,
      12,
      13,
      14,
      15,
      16,
      17
    ],
    "hppcc_region_candidates": [
      3,
      4
    ],
    "reference_illuminant": "D65",
    "scene_white_xyz": [
      1.1222902218193063,
      1.0,
      0.699002893502593
    ],
    "use_metadata_rgb_xyz_baseline": true,
    "use_hppcc_blending": false,
    "hppcc_blend_width": 0.15,
    "output_format": "jpeg",
    "output_colorspace": "sRGB"
  },
  "selection": {
    "selected_k_regions": 4
  },
  "models": {
    "baseline": {
      "matrix": [
        [
          5.368137974928922,
          2.125946270760873,
          0.0314974859324043
        ],
        [
          1.8224048069707135,
          3.8498527855582014,
          -0.3243966019245659
        ],
        [
          0.9032374573199152,
          0.008566328042041587,
          6.2594834964780315
        ]
      ],
      "white_rgb": [
        0.11306100181438648,
        0.17452438475801474,
        0.10858483258523687
      ],
      "white_xyz": [
        1.0230590231277263,
        0.913184977280573,
        0.6266309874807969
      ]
    },
    "rpcc": {
      "matrix": [
        [
          -0.8031741133822435,
          -3.0135860977275017,
          -3.728170015654546
        ],
        [
          -9.417039934951356,
          -5.444514678358551,
          -4.281420400043882
        ],
        [
          -6.363611506683772,
          -6.57192157575718,
          4.787627743480214
        ],
        [
          14.795892046492048,
          11.992020455034604,
          7.108040280243824
        ],
        [
          -3.772867823539877,
          -2.6336201376980988,
          0.1595690419040071
        ],
        [
          12.988472621719463,
          11.077886644411638,
          1.8839056538305716
        ]
      ],
      "white_rgb": [
        0.11306100181438648,
        0.17452438475801474,
        0.10858483258523687
      ],
      "white_xyz": [
        1.0230590231277263,
        0.913184977280573,
        0.6266309874807969
      ]
    },
    "hppcc": {
      "matrices": [
        [
          [
            4.558135137372191,
            1.4544217454439285,
            -0.5016159050572062
          ],
          [
            3.690814102158411,
            5.537749418134379,
            0.2723382048174434
          ],
          [
            -1.2563942780612531,
            -2.005120856018197,
            5.8554635251808955
          ]
        ],
        [
          [
            5.02719739156547,
            1.9063558158480096,
            -0.4791058566936503
          ],
          [
            1.8982290608843853,
            3.810622054962196,
            0.18631300109632326
          ],
          [
            1.1363630426116151,
            0.3002630152136815,
            5.970290677715758
          ]
        ],
        [
          [
            7.905397146751423,
            4.219845847594868,
            1.7475728192061195
          ],
          [
            -0.25619178767121625,
            2.0789037653124307,
            -1.4804243244659563
          ],
          [
            1.6022368129749935,
            0.6747312298836418,
            6.330707354237273
          ]
        ],
        [
          [
            7.390585822233207,
            3.73641619284558,
            1.6656880967342098
          ],
          [
            1.8347846498453793,
            4.0424192692177385,
            -1.1478383514561727
          ],
          [
            -1.222478986673163,
            -1.9777966356731478,
            5.881414461287285
          ]
        ]
      ],
      "boundaries": [
        0.0,
        1.338023690879352,
        2.391799317379517,
        3.2159746504441262
      ],
      "white_rgb": [
        0.11306100181438648,
        0.17452438475801474,
        0.10858483258523687
      ],
      "white_xyz": [
        1.0230590231277263,
        0.913184977280573,
        0.6266309874807969
      ]
    },
    "rpcc_hppcc": {
      "rpcc": {
        "matrix": [
          [
            -0.8031741133822435,
            -3.0135860977275017,
            -3.728170015654546
          ],
          [
            -9.417039934951356,
            -5.444514678358551,
            -4.281420400043882
          ],
          [
            -6.363611506683772,
            -6.57192157575718,
            4.787627743480214
          ],
          [
            14.795892046492048,
            11.992020455034604,
            7.108040280243824
          ],
          [
            -3.772867823539877,
            -2.6336201376980988,
            0.1595690419040071
          ],
          [
            12.988472621719463,
            11.077886644411638,
            1.8839056538305716
          ]
        ],
        "white_rgb": [
          0.11306100181438648,
          0.17452438475801474,
          0.10858483258523687
        ],
        "white_xyz": [
          1.0230590231277263,
          0.913184977280573,
          0.6266309874807969
        ]
      },
      "hppcc_residual": {
        "matrices": [
          [
            [
              -0.1678545630197239,
              -0.1561258994548607,
              -0.14774645176207613
            ],
            [
              -0.20125640979126255,
              -0.13814974048888237,
              -0.5083153407287756
            ],
            [
              0.4982459784066466,
              0.3846048114690167,
              0.9708334160918908
            ]
          ],
          [
            [
              -0.31096994679838563,
              -0.27189164637705976,
              -0.38841110271741275
            ],
            [
              0.34567844553843124,
              0.3042647671153465,
              0.41141727345895096
            ],
            [
              -0.23180718442192128,
              -0.2059337278292584,
              -0.2568332747420344
            ]
          ],
          [
            [
              0.6022145995700663,
              0.5642053846419869,
              0.5223770990379918
            ],
            [
              -0.3378682130039929,
              -0.3215795203762613,
              -0.2703356475969173
            ],
            [
              -0.08399648195497038,
              -0.07060063445078854,
              -0.10941045157288369
            ]
          ],
          [
            [
              0.17152205884879948,
              0.12292643180219115,
              0.3938920420428374
            ],
            [
              0.01354122940236553,
              0.03846755753087947,
              -0.16550248247963034
            ],
            [
              -0.2003569929524769,
              -0.18982128396306777,
              -0.14412335108691446
            ]
          ]
        ],
        "boundaries": [
          0.0,
          1.338023690879352,
          2.5432666582614454,
          4.525862168414194
        ],
        "white_rgb": [
          0.11306100181438648,
          0.17452438475801474,
          0.10858483258523687
        ],
        "white_xyz": [
          2.220446049250313e-16,
          -5.551115123125783e-16,
          1.1102230246251565e-16
        ]
      }
    },