{
  "analysis_raw_path": "img\\DSC0136.NEF",
  "settings": {
    "white_index": 18,
    "chromatic_indices": [
      0,
      1,
      2,
      3,
      4,
      5,
      6,
      7,
      8,
      9,
      10,
      11,
      12,
      13,
      14,
      15,
      16,
      17
    ],
    "hppcc_region_candidates": [
      3,
      4
    ],
    "reference_illuminant": "D65",
    "reference_space": "lab",
    "reference_native_white_xyz": [
      0.95047,
      1.0,
      1.08883
    ],
    "scene_white_source": "camera-wb",
    "scene_white_xyz": [
      1.046489530479733,
      1.0,
      0.8796582177980536
    ],
    "patch_variance_denoise": false,
    "denoise_method": "wavelet",
    "denoise_strength": 6.0,
    "denoise_diameter": 5,
    "denoise_sigma_space": 2.0,
    "use_metadata_rgb_xyz_baseline": true,
    "use_hppcc_blending": false,
    "hppcc_blend_width": 0.15,
    "perform_nonlinear_corrections": true,
    "output_format": "jpeg",
    "output_colorspace": "sRGB"
  },
  "selection": {
    "selected_k_regions": 4
  },
  "diagnostics": {
    "neutral_gradient": {
      "supports_horizontal_test": true,
      "supports_vertical_test": false,
      "severity": "strong",
      "x_min": 431.29046630859375,
      "x_max": 1014.1952514648438,
      "horizontal_xy_span": 0.011785202376765478,
      "horizontal_cct_span": 364.9430809711539,
      "r_over_g_span": 0.03271856479569313,
      "b_over_g_span": 0.06304682117149729,
      "weighted_rg_slope_per_chart_width": 0.0006889866026260548,
      "weighted_bg_slope_per_chart_width": -0.04308818094437675,
      "weighted_x_slope_per_chart_width": 0.005551918307583529,
      "weighted_y_slope_per_chart_width": 0.006358684564810134,
      "left_patch_index": 18,
      "right_patch_index": 23,
      "left_local_white_xyz": [
        1.1252916563801827,
        1.0,
        0.7116202083584116
      ],
      "right_local_white_xyz": [
        1.1028091495962817,
        1.0,
        0.759430686255511
      ],
      "left_local_white_xy": [
        0.3966607741209726,
        0.35249597015314554
      ],
      "right_local_white_xy": [
        0.3852958566863386,
        0.3493767319824907
      ],
      "left_local_white_cct": 3377.7749850265627,
      "right_local_white_cct": 3655.861809143786,
      "patches": [
        {
          "patch_index": 18,
          "center_xy": [
            431.29046630859375,
            660.2992553710938
          ],
          "rgb": [
            0.11306100181438648,
            0.17452438475801474,
            0.10858483258523687
          ],
          "r_over_g": 0.6478235231778655,
          "b_over_g": 0.6221757076284452,
          "local_white_xyz": [
            1.1252916563801827,
            1.0,
            0.7116202083584116
          ],
          "local_white_xy": [
            0.3966607741209726,
            0.35249597015314554
          ],
          "local_white_cct": 3377.7749850265627,
          "weight": 1.0
        },
        {
          "patch_index": 19,
          "center_xy": [
            547.8714599609375,
            660.2992553710938
          ],
          "rgb": [
            0.07798305946381452,
            0.12079168241751313,
            0.07487257191625743
          ],
          "r_over_g": 0.6455995802282828,
          "b_over_g": 0.6198487380733918,
          "local_white_xyz": [
            1.1230196501447673,
            1.0,
            0.710404206375271
          ],
          "local_white_xy": [
            0.39634721348186863,
            0.3529299005861348
          ],
          "local_white_cct": 3390.1729483012323,
          "weight": 0.6921192278373923
        },
        {
          "patch_index": 20,
          "center_xy": [
            664.452392578125,
            660.2992553710938
          ],
          "rgb": [
            0.048135632191638474,
            0.07389133001538524,
            0.044050414174319846
          ],
          "r_over_g": 0.6514381617114747,
          "b_over_g": 0.5961513233710628,
          "local_white_xyz": [
            1.125433313974773,
            1.0,
            0.6819749782950271
          ],
          "local_white_xy": [
            0.4008798139813344,
            0.35620041543422826
          ],
          "local_white_cct": 3308.5099913291206,
          "weight": 0.42338685289072137
        },
        {
          "patch_index": 21,
          "center_xy": [
            781.0333862304688,
            660.2992553710938
          ],
          "rgb": [
            0.026347978488683522,
            0.04040498219945681,
            0.023761387747454298
          ],
          "r_over_g": 0.6520972675750303,
          "b_over_g": 0.5880806389211511,
          "local_white_xyz": [
            1.1250642957884287,
            1.0,
            0.6730444491351469
          ],
          "local_white_xy": [
            0.40208026147288195,
            0.35738425170724125
          ],
          "local_white_cct": 3290.918728172632,
          "weight": 0.2315148238767894
        },
        {
          "patch_index": 22,
          "center_xy": [
            897.6143188476562,
            660.2992553710938
          ],
          "rgb": [
            0.012819914952562897,
            0.0202242560537056,
            0.012558023461234843
          ],
          "r_over_g": 0.6338880855997648,
          "b_over_g": 0.6209387098287797,
          "local_white_xyz": [
            1.112529623783633,
            1.0,
            0.7182594554637861
          ],
          "local_white_xy": [
            0.3930104266473309,
            0.3532583926266437
          ],
          "local_white_cct": 3480.5709557456903,
          "weight": 0.1158821220412687
        },
        {
          "patch_index": 23,
          "center_xy": [
            1014.1952514648438,
            660.2992553710938
          ],
          "rgb": [
            0.0045666720627459785,
            0.007372988516159754,
            0.004800755285819366
          ],
          "r_over_g": 0.6193787027793372,
          "b_over_g": 0.6511274600926484,
          "local_white_xyz": [
            1.1028091495962817,
            1.0,
            0.759430686255511
          ],
          "local_white_xy": [
            0.3852958566863386,
            0.3493767319824907
          ],
          "local_white_cct": 3655.861809143786,
          "weight": 0.04224617967502196
        }
      ],
      "weighted_line": {
        "r_over_g": {
          "intercept": 0.6474920897750336,
          "slope": 0.0006889866026260548
        },
        "b_over_g": {
          "intercept": 0.6230853207915621,
          "slope": -0.04308818094437675
        },
        "x": {
          "intercept": 0.3964576414494754,
          "slope": 0.005551918307583529
        },
        "y": {
          "intercept": 0.3523739765761875,
          "slope": 0.006358684564810134
        }
      }
    },
    "noise_profile": null
  },
  "models": {
    "baseline": {
      "matrix": [
        [
          4.932452066374173,
          1.9186767509775906,
          0.05862840170508655
        ],
        [
          1.5217349799241073,
          3.9361664589526746,
          -0.4428203963963613
        ],
        [
          1.1980319979904626,
          0.08458783658121959,
          7.912603034957904
        ]
      ],
      "white_rgb": [
        0.11306100181438648,
        0.17452438475801474,
        0.10858483258523687
      ],
      "white_xyz": [
        0.9533359370952608,
        0.9130695012512666,
        0.7885343044565194
      ]
    },