{
  "CONFIG": {
    "TARGET": {
      "referenceWhiteXYZ": {
        "xyz": [0.95047, 1.0, 1.08883],
        "lab": [0.95047, 1.0, 1.08883],
        "xyy": [0.95047, 1.0, 1.08883],
        "rgb": [0.95047, 1.0, 1.08883]
      },
      "referenceXYZValues": {
        "1": [0.11098127, 0.0996, 0.0670107],
        "2": [0.37845644, 0.3459, 0.25331456],
        "3": [0.17258452, 0.186, 0.34013824],
        "4": [0.10450577, 0.1318, 0.06899884],
        "5": [0.24700975, 0.2328, 0.44290131],
        "6": [0.30303953, 0.4206, 0.45550261],
        "7": [0.3851407, 0.3044, 0.06504531],
        "8": [0.13402998, 0.1165, 0.3963328],
        "9": [0.28547158, 0.1894, 0.13471967],
        "10": [0.08674643, 0.0642, 0.14300962],
        "11": [0.33330947, 0.4408, 0.114242],
        "12": [0.46002822, 0.4275, 0.07770095],
        "13": [0.07769123, 0.0606, 0.28371435],
        "14": [0.14283536, 0.2315, 0.10210012],
        "15": [0.2063067, 0.1216, 0.05126386],
        "16": [0.55789161, 0.5887, 0.09069296],
        "17": [0.3072252, 0.199, 0.31304199],
        "18": [0.14519239, 0.1976, 0.4091102],
        "19": [0.86498308, 0.9129, 0.97596308],
        "20": [0.55794526, 0.5895, 0.64543796],
        "21": [0.34338709, 0.3633, 0.39958575],
        "22": [0.18191203, 0.1916, 0.21010052],
        "23": [0.0836886, 0.0884, 0.10024658],
        "24": [0.02957191, 0.0311, 0.03543439]
      },
      "referenceRGBValues": {
        "1": [0.447, 0.317, 0.265],
        "2": [0.764, 0.58, 0.501],
        "3": [0.364, 0.48, 0.612],
        "4": [0.355, 0.422, 0.253],
        "5": [0.507, 0.502, 0.691],
        "6": [0.382, 0.749, 0.67],
        "7": [0.867, 0.481, 0.187],
        "8": [0.277, 0.356, 0.668],
        "9": [0.758, 0.322, 0.38],
        "10": [0.361, 0.225, 0.417],
        "11": [0.629, 0.742, 0.242],
        "12": [0.895, 0.63, 0.162],
        "13": [0.155, 0.246, 0.576],
        "14": [0.277, 0.588, 0.285],
        "15": [0.681, 0.199, 0.223],
        "16": [0.928, 0.777, 0.077],
        "17": [0.738, 0.329, 0.594],
        "18": [0.0, 0.54, 0.66],
        "19": [0.96, 0.962, 0.95],
        "20": [0.786, 0.793, 0.793],
        "21": [0.631, 0.639, 0.64],
        "22": [0.474, 0.475, 0.477],
        "23": [0.324, 0.33, 0.336],
        "24": [0.191, 0.194, 0.199]
      },
      "referenceLabValues": {
        "1": [37.77, 12.61, 13.74],
        "2": [65.43, 16.87, 17.38],
        "3": [50.22, -2.28, -21.55],
        "4": [43.04, -14.92, 22.05],
        "5": [55.36, 11.49, -25.16],
        "6": [70.91, -33.05, 0.27],
        "7": [62.03, 33.63, 56.36],
        "8": [40.66, 16.07, -45.14],
        "9": [50.62, 47.72, 15.20],
        "10": [30.44, 24.91, -21.59],
        "11": [72.28, -27.92, 57.87],
        "12": [71.38, 15.92, 67.71],
        "13": [29.57, 20.62, -49.21],
        "14": [55.23, -41.19, 31.94],
        "15": [41.47, 52.77, 26.87],
        "16": [81.22, -0.41, 80.27],
        "17": [51.72, 51.24, -15.24],
        "18": [51.56, -23.94, -27.84],
        "19": [96.53, -0.50, 1.18],
        "20": [81.26, -0.57, -0.32],
        "21": [66.77, -0.66, -0.49],
        "22": [50.87, -0.10, -0.26],
        "23": [35.67, -0.28, -1.21],
        "24": [20.47, 0.03, -0.96]
      },
      "referencexyYValues": {
        "1": [0.3998, 0.3588, 0.0996],
        "2": [0.3871, 0.3538, 0.3459],
        "3": [0.2470, 0.2662, 0.1860],
        "4": [0.3423, 0.4317, 0.1318],
        "5": [0.2677, 0.2523, 0.2328],
        "6": [0.2570, 0.3567, 0.4206],
        "7": [0.5104, 0.4034, 0.3044],
        "8": [0.2072, 0.1801, 0.1165],
        "9": [0.4683, 0.3107, 0.1894],
        "10": [0.2951, 0.2184, 0.0642],
        "11": [0.3752, 0.4962, 0.4408],
        "12": [0.4766, 0.4429, 0.4275],
        "13": [0.1841, 0.1436, 0.0606],
        "14": [0.2998, 0.4859, 0.2315],
        "15": [0.5441, 0.3207, 0.1216],
        "16": [0.4509, 0.4758, 0.5887],
        "17": [0.3750, 0.2429, 0.1990],
        "18": [0.1931, 0.2628, 0.1976],
        "19": [0.3141, 0.3315, 0.9129],
        "20": [0.3112, 0.3288, 0.5895],
        "21": [0.3104, 0.3284, 0.3633],
        "22": [0.3117, 0.3283, 0.1916],
        "23": [0.3073, 0.3246, 0.0884],
        "24": [0.3077, 0.3236, 0.0311]
      },
      "referenceChromaValues": {
        "1": 18.65,
        "2": 24.23,
        "3": 21.67,
        "4": 26.63,
        "5": 27.66,
        "6": 33.05,
        "7": 65.63,
        "8": 47.91,
        "9": 50.08,
        "10": 32.96,
        "11": 64.25,
        "12": 69.56,
        "13": 53.35,
        "14": 52.12,
        "15": 59.22,
        "16": 80.27,
        "17": 53.46,
        "18": 36.72,
        "19": 1.28,
        "20": 0.66,
        "21": 0.82,
        "22": 0.28,
        "23": 1.24,
        "24": 0.96
      }
    }
  }
}
