{
  "CONFIG": {
    "TARGET": {
      "referenceXYZValues": {
        "1": [0.11098127, 0.0996, 0.0670107],
        "2": [0.37845644, 0.3459, 0.25331456],
        "3": [0.17258452, 0.186, 0.34013824],
        "4": [0.10450577, 0.1318, 0.06899884],
        "5": [0.24700975, 0.2328, 0.44290131],
        "6": [0.30303953, 0.4206, 0.45550261],
        "7": [0.3851407, 0.3044, 0.06504531],
        "8": [0.13402998, 0.1165, 0.3963328],
        "9": [0.28547158, 0.1894, 0.13471967],
        "10": [0.08674643, 0.0642, 0.14300962],
        "11": [0.33330947, 0.4408, 0.114242],
        "12": [0.46002822, 0.4275, 0.07770095],
        "13": [0.07769123, 0.0606, 0.28371435],
        "14": [0.14283536, 0.2315, 0.10210012],
        "15": [0.2063067, 0.1216, 0.05126386],
        "16": [0.55789161, 0.5887, 0.09069296],
        "17": [0.3072252, 0.199, 0.31304199],
        "18": [0.14519239, 0.1976, 0.4091102],
        "19": [0.86498308, 0.9129, 0.97596308],
        "20": [0.55794526, 0.5895, 0.64543796],
        "21": [0.34338709, 0.3633, 0.39958575],
        "22": [0.18191203, 0.1916, 0.21010052],
        "23": [0.0836886, 0.0884, 0.10024658],
        "24": [0.02957191, 0.0311, 0.03543439]
      }
    }
  }
}
